{"Scotland": 1248.679049989746, "England": 1444.098723722469, "Wales": 1191.6083565113754, "Northern Ireland": 1116.5794791799538, "Canada": 1306.3656390887188, "United States": 1325.0947775927693, "Argentina": 1547.0278155109747, "Uruguay": 1352.5051397510304, "Austria": 1338.3315401366046, "Hungary": 1261.1651433229551, "Czechoslovakia": 1200.9043388650293, "Belgium": 1382.7792678879057, "France": 1487.8299716695165, "Switzerland": 1348.276412720348, "Guernsey": 1183.975089291794, "Alderney": 649.9817481672528, "Jersey": 1242.6722274985123, "Netherlands": 1417.3931145783467, "Trinidad and Tobago": 998.5606595057526, "Guyana": 955.8430985361316, "South Africa": 1132.662925992869, "Germany": 1443.4841745514022, "Sweden": 1245.275995199516, "Norway": 1338.6705538860188, "Denmark": 1353.2830060811407, "Italy": 1393.359610638514, "Chile": 1240.9383637916612, "Russia": 1289.703137944656, "Finland": 1069.1019847128541, "Luxembourg": 981.0570386817317, "Catalonia": 1194.6849226540899, "Philippines": 876.8747727327219, "China": 1049.4486482852021, "Brazil": 1448.2316560357642, "Basque Country": 1281.3180733901736, "Japan": 1411.349745725385, "Paraguay": 1277.4585161541863, "Romania": 1157.786223242937, "Greece": 1232.7588114680736, "Yugoslavia": 1227.143962471244, "Spain": 1545.3370517540634, "Egypt": 1251.8498757163325, "Estonia": 961.6911393455387, "Suriname": 1032.197678469703, "Provence": 949.2516434677996, "Costa Rica": 1159.768418939113, "El Salvador": 975.1106473481321, "Guatemala": 1074.2613159681007, "Poland": 1254.843278310018, "Portugal": 1454.1799161938873, "Brittany": 1027.817710357416, "New Zealand": 1124.1905885224496, "Australia": 1297.1198686325683, "Latvia": 868.970482668893, "Galicia": 1051.091891831454, "Central Spain": 1001.2100448127965, "Mexico": 1381.1677737806845, "Andalusia": 1122.7688229586913, "Asturias": 1016.264255770038, "Lithuania": 865.7799986245788, "Turkey": 1364.7702473310546, "Cura\u00e7ao": 1017.4728297774867, "Aruba": 747.620329581393, "Bulgaria": 1026.6249899468405, "Republic of Ireland": 1213.2610165052706, "Jamaica": 1109.1163096387495, "Haiti": 1100.5622638384398, "Kenya": 973.8051242548132, "Uganda": 990.6093530878907, "Bolivia": 1121.8201199993018, "Peru": 1192.899909145482, "Honduras": 1117.8640984915924, "Belarus": 1061.465647016897, "Ukraine": 1272.2497558212724, "Barbados": 707.5402575764008, "Nicaragua": 959.9510392874571, "Cuba": 898.8148162853569, "Martinique": 949.6153083350442, "Dominica": 733.4135480220393, "Silesia": 1014.3055195841646, "Guadeloupe": 993.3453706193814, "Israel": 1137.7898071293225, "Indonesia": 1012.513766871477, "French Guiana": 908.724312992326, "Saint Lucia": 799.2630134286745, "Colombia": 1430.3354002921526, "Panama": 1224.291455536815, "Venezuela": 1240.299632423017, "Ecuador": 1390.813596089747, "Grenada": 821.9829746301838, "Saint Kitts and Nevis": 837.8031812865156, "India": 809.7558290758327, "Slovakia": 1184.4161992991171, "Manchukuo": 954.3908476458989, "Croatia": 1386.0472159975577, "Lebanon": 931.4507594328561, "Puerto Rico": 872.9962008435626, "Afghanistan": 715.2906783891375, "Iran": 1325.0004836116957, "Mongolia": 601.3285028791914, "Tanzania": 898.1920823889783, "Zambia": 1011.9649639238676, "Zimbabwe": 953.0224108433835, "Iceland": 1091.3956941405265, "Albania": 1111.8315602968794, "Montenegro": 1051.3864760913436, "Mauritius": 754.5323390181366, "Madagascar": 979.6146233784576, "R\u00e9union": 1053.3503137250195, "Zanzibar": 1014.7339439635764, "Ethiopia": 913.5207958691587, "Djibouti": 635.3556675838493, "DR Congo": 1170.6063052221518, "South Korea": 1334.6567389174081, "Vietnam": 1031.0548537427903, "Macau": 495.0831180889254, "Dominican Republic": 957.9490411752794, "Cyprus": 924.0791846066262, "Nigeria": 1254.4335591186734, "Sierra Leone": 930.3030558159189, "Syria": 1027.8460838996368, "Serbia": 1245.2702371293553, "Taiwan": 694.4561005558154, "Ghana": 1068.2317558804743, "Myanmar": 729.3115075892847, "New Caledonia": 1035.2609154519268, "Vanuatu": 958.8219996633103, "Fiji": 934.1831432748307, "Pakistan": 656.4473661921451, "Sri Lanka": 618.019811518182, "German DR": 1191.4226637560707, "Tahiti": 1010.1567967200318, "Gambia": 992.6935185145828, "Hong Kong": 852.4491219958193, "Singapore": 858.3455176283085, "Malaysia": 1030.364995788758, "Guinea-Bissau": 874.0438859410401, "Saarland": 951.6162812591875, "Burundi": 899.361397695358, "Cameroon": 1161.5850514920276, "Kernow": 1098.9257943874584, "Cambodia": 677.4992592648883, "Thailand": 1047.41242572141, "Vietnam Republic": 920.1184663990585, "Kyrgyzstan": 954.2262655537355, "Moldova": 867.8263891697172, "North Vietnam": 963.6849338585007, "Togo": 985.9082521699264, "North Korea": 989.0463268795868, "Sudan": 948.6266391906178, "Malta": 914.3886877938414, "Tunisia": 1182.4042782348058, "Libya": 1025.5440566089749, "Malawi": 912.0129489139138, "Morocco": 1405.90383176652, "Benin": 1000.9464419697456, "Cape Verde": 1113.7309635319714, "Ivory Coast": 1265.1439027384274, "Burkina Faso": 1112.3658442351948, "Gabon": 1016.552866852908, "Congo": 857.4112775795841, "Mali": 1146.11041471688, "Central African Republic": 869.2697523996266, "Iraq": 1199.9017231253872, "Saint Vincent and the Grenadines": 885.5249120265682, "Senegal": 1315.1550628732962, "Laos": 576.6680491436143, "Mauritania": 964.3890198378305, "Liberia": 896.3507394795366, "Chad": 782.6848374754403, "Niger": 931.8482771367893, "Guinea": 1013.3888011172012, "Kuwait": 993.7683281856002, "Jordan": 1176.7578821502266, "Algeria": 1327.5374446539618, "Papua New Guinea": 969.3183974004552, "Solomon Islands": 897.8905156752669, "Somalia": 626.6131994210407, "Saudi Arabia": 1161.0095941199463, "Bermuda": 881.0381174799709, "Palestine": 1020.2523226647495, "Yemen": 817.9883792641227, "Bahrain": 1020.5101513742474, "Oman": 1081.985772167688, "Wallis Islands and Futuna": 853.1459142686314, "Corsica": 1072.1064063305435, "Western Australia": 914.3091250705921, "Eswatini": 827.3392535917641, "Botswana": 923.1569139474295, "Qatar": 1079.9023191375616, "Lesotho": 886.3406790219603, "Bahamas": 621.8147618730031, "Brunei": 546.3074853374912, "Cook Islands": 765.8108865195175, "Yemen DPR": 904.1687661371769, "United Arab Emirates": 1137.4112035290443, "Faroe Islands": 926.8812569365651, "Nepal": 699.5410165553947, "Antigua and Barbuda": 733.7953242020839, "Bangladesh": 722.6736503648249, "Seychelles": 590.7871830920069, "Equatorial Guinea": 945.1280773567008, "Mozambique": 965.2026825414777, "Guam": 599.1017589963179, "Angola": 1057.1667741663164, "S\u00e3o Tom\u00e9 and Pr\u00edncipe": 721.8999240678894, "Rwanda": 965.9120036687276, "Northern Cyprus": 1125.77259998273, "Armenia": 949.2182973233764, "Georgia": 1164.6135546897665, "Azerbaijan": 926.9014132956174, "Kazakhstan": 983.5732456638498, "Comoros": 973.3334208827811, "Maldives": 611.4179635932313, "Tonga": 702.8348933253122, "Tuvalu": 814.0209908049264, "Kiribati": 868.6442165608555, "Samoa": 824.0011838741914, "Greenland": 948.1029619835352, "Liechtenstein": 607.7083853408427, "Bhutan": 478.08660398871217, "South Yemen": 974.853910951785, "Niue": 976.4221772334738, "American Samoa": 624.7245767453454, "Belize": 826.7218024865319, "Cayman Islands": 676.5660743643477, "British Virgin Islands": 646.1639738730013, "Anguilla": 560.6603174515978, "Palau": 958.9231089430137, "Sint Maarten": 842.0031905449165, "Namibia": 910.0502439120332, "Shetland": 979.7948112543706, "Ynys M\u00f4n": 1149.7238870016722, "\u00c5land Islands": 985.9661873487495, "Saint Martin": 801.7475920026828, "San Marino": 519.1073451143851, "Montserrat": 795.7556738968053, "Slovenia": 1210.1578704193967, "Isle of Wight": 1120.4384371842264, "Turkmenistan": 896.9040976989052, "Tajikistan": 945.178137503796, "Uzbekistan": 1247.6278559857203, "Eritrea": 753.2174659907516, "Isle of Man": 1144.119236460701, "Gibraltar": 755.8871641666062, "North Macedonia": 1100.5186647695723, "Czech Republic": 1255.2658595861014,